{
  "configurations": [
    {
      "name": "x64-Debug",
      "generator": "Ninja",
      "configurationType": "Debug",
      "inheritEnvironments": [ "msvc_x64_x64" ],
      "buildRoot": "${projectDir}\\cpp_build\\${name}",
      "installRoot": "${projectDir}\\install\\${name}",
      "buildCommandArgs": "-v",
      "ctestCommandArgs": ""
    },
    {
      "name": "x64-Release",
      "generator": "Ninja",
      "configurationType": "RelWithDebInfo",
      "buildRoot": "${projectDir}\\cpp_build\\${name}",
      "installRoot": "${projectDir}\\install\\${name}",
      "buildCommandArgs": "-v",
      "ctestCommandArgs": "",
      "inheritEnvironments": [ "msvc_x64_x64" ]
    }
  ]
}